id,study,input,backend,sink,workers,codec,chunk,block_bytes,compression_fold,observations,throughput_median,throughput_min,throughput_max,speedup_median,speedup_min,speedup_max
reef-turin-microscopy-workers-3708278:014a63987ac248f0,reef-turin-microscopy-workers-3708278,cosem-cos7-em,cpu,discard,32,zstd,256K,,1.2476838906353742,3,9.018047516204648,7.863797057495676,9.290663327078457,,,
reef-turin-microscopy-workers-3708278:6050ebe598296906,reef-turin-microscopy-workers-3708278,cosem-cos7-em,cpu,discard,32,blosc-lz4,16K,4096,0.9979859361304786,3,7.833445816216394,7.546916031807229,7.9837148976724155,,,
reef-turin-microscopy-workers-3708278:6bcd56939def5e3c,reef-turin-microscopy-workers-3708278,cosem-cos7-em,cpu,fs,32,zstd,256K,,1.2476838906353742,3,5.424819326514839,3.7163961482312184,5.963189389133412,,,
reef-turin-microscopy-workers-3708278:82d320d982235e13,reef-turin-microscopy-workers-3708278,cosem-cos7-em,cpu,fs,32,blosc-lz4,16K,4096,0.997987039005759,3,5.003513514586507,4.630783418239744,5.152306572304151,,,
reef-turin-microscopy-workers-3708278:ade90577b5ac7098,reef-turin-microscopy-workers-3708278,cosem-cos7-em,cpu,discard,32,zstd,64K,,1.2505885748497851,3,8.005722351957017,7.619604809736018,8.28613201332108,,,
reef-turin-microscopy-workers-3708278:b2cc4cee0893dadf,reef-turin-microscopy-workers-3708278,cosem-cos7-em,cpu,fs,32,zstd,64K,,1.2505885748497851,3,5.527229889278291,5.483749530476539,5.702827649142091,,,
reef-turin-microscopy-workers-3708278:0928d709619e4d9b,reef-turin-microscopy-workers-3708278,bbbc022-mito,cpu,discard,32,blosc-lz4,16K,4096,1.6843626746519622,3,13.157538312016394,12.736941809360612,13.237649935963836,,,
reef-turin-microscopy-workers-3708278:91edc4a0d153e94d,reef-turin-microscopy-workers-3708278,bbbc022-mito,cpu,discard,32,blosc-zstd,64K,65536,1.8879786251167865,3,6.787908374438417,6.049013340559157,6.887960240590747,,,
reef-turin-microscopy-workers-3708278:b84b5c213874fbb8,reef-turin-microscopy-workers-3708278,bbbc022-mito,cpu,fs,32,blosc-zstd,64K,65536,1.8878466303912906,3,5.1533207656280435,4.465020338581776,5.353342236465164,,,
reef-turin-microscopy-workers-3708278:c9c6430c93a6a3d1,reef-turin-microscopy-workers-3708278,bbbc022-mito,cpu,discard,32,blosc-zstd,256K,65536,1.875052736171435,3,5.423610691191845,4.782224558704338,5.483823031738731,,,
reef-turin-microscopy-workers-3708278:e3091980e0d56c8e,reef-turin-microscopy-workers-3708278,bbbc022-mito,cpu,fs,32,blosc-lz4,16K,4096,1.6837558917058109,3,6.263157405455475,5.7726245385199135,6.282165762842336,,,
reef-turin-microscopy-workers-3708278:f38913939de66e66,reef-turin-microscopy-workers-3708278,bbbc022-mito,cpu,fs,32,blosc-zstd,256K,65536,1.875052736171435,3,4.3965871289177825,3.9424375917685865,4.438323667146626,,,
reef-turin-microscopy-workers-3708278:223819ed4b1dfced,reef-turin-microscopy-workers-3708278,opencell-dna,cpu,fs,32,blosc-zstd,256K,65536,1.4785235132125205,3,4.326941566809013,3.2471043350321405,4.5464581928812215,,,
reef-turin-microscopy-workers-3708278:40f892d9d96f8169,reef-turin-microscopy-workers-3708278,opencell-dna,cpu,fs,32,blosc-zstd,64K,65536,1.479101220855842,3,4.517157130044433,4.128421068824014,4.963460376169393,,,
reef-turin-microscopy-workers-3708278:556c9409748923ed,reef-turin-microscopy-workers-3708278,opencell-dna,cpu,discard,32,blosc-lz4,16K,16384,1.3724173988438548,3,12.375847527449434,12.120843106088671,12.378962761300972,,,
reef-turin-microscopy-workers-3708278:55f21f706bb110ff,reef-turin-microscopy-workers-3708278,opencell-dna,cpu,discard,32,blosc-zstd,64K,65536,1.4791850252499887,3,6.890116573499041,5.9089520203810295,7.125614904592791,,,
reef-turin-microscopy-workers-3708278:6049262e250518e5,reef-turin-microscopy-workers-3708278,opencell-dna,cpu,fs,32,blosc-lz4,16K,16384,1.3722319284564584,3,5.943705508635109,5.274599529953272,6.474035520022172,,,
reef-turin-microscopy-workers-3708278:a16bdd7068b1f9a9,reef-turin-microscopy-workers-3708278,opencell-dna,cpu,discard,32,blosc-zstd,256K,65536,1.478566422992112,3,5.851054655204385,5.23221359022281,5.896440301724923,,,
reef-turin-microscopy-workers-3708278:19239e2807fe2e85,reef-turin-microscopy-workers-3708278,bbbc010-brightfield,cpu,discard,32,blosc-zstd,64K,65536,13.290801439343495,3,11.142182701338779,10.777969403699382,11.213506199611835,,,
reef-turin-microscopy-workers-3708278:1bcad700f6cc9347,reef-turin-microscopy-workers-3708278,bbbc010-brightfield,cpu,fs,32,blosc-lz4,16K,4096,10.294758459683493,3,10.629161134122164,9.980196076457021,12.20225172421789,,,
reef-turin-microscopy-workers-3708278:3b699180ae3a028d,reef-turin-microscopy-workers-3708278,bbbc010-brightfield,cpu,fs,32,zstd,64K,,11.78879959991231,3,8.689958787051323,7.65048343893641,8.847211236440021,,,
reef-turin-microscopy-workers-3708278:4a1a9fac8e5e7c2c,reef-turin-microscopy-workers-3708278,bbbc010-brightfield,cpu,fs,32,blosc-zstd,64K,65536,13.294367673417252,3,9.003720880770512,8.719286343061027,9.25856200926583,,,
reef-turin-microscopy-workers-3708278:7037178eb6f0c777,reef-turin-microscopy-workers-3708278,bbbc010-brightfield,cpu,discard,32,blosc-lz4,16K,4096,10.275820957990032,3,15.151880245018326,13.262602535040145,15.531698096062918,,,
reef-turin-microscopy-workers-3708278:c736b3422a53ef28,reef-turin-microscopy-workers-3708278,bbbc010-brightfield,cpu,discard,32,zstd,64K,,11.789215408662558,3,10.750918695966545,9.185500939223171,10.777767651310903,,,
reef-turin-microscopy-workers-3708278:64fe287282e69bf6,reef-turin-microscopy-workers-3708278,dynacell-a549-phase,cpu,fs,32,blosc-lz4,256K,262144,4.451483162910428,3,13.195516986788586,8.739023548532144,13.435845231121403,,,
reef-turin-microscopy-workers-3708278:98151f9df0263710,reef-turin-microscopy-workers-3708278,dynacell-a549-phase,cpu,discard,32,blosc-lz4,16K,4096,4.231906783832388,3,19.261358929522075,17.622027148389385,20.58275073830568,,,
reef-turin-microscopy-workers-3708278:a7b1c85509a983e7,reef-turin-microscopy-workers-3708278,dynacell-a549-phase,cpu,discard,32,blosc-lz4,256K,262144,4.452072811830106,3,24.853821259569585,24.43336111797846,25.43046219783745,,,
reef-turin-microscopy-workers-3708278:d7ca908af786460e,reef-turin-microscopy-workers-3708278,dynacell-a549-phase,cpu,fs,32,blosc-zstd,128K,131072,4.54919586805902,3,8.952937583601654,8.344716659587103,9.425915355895688,,,
reef-turin-microscopy-workers-3708278:dbfc61435e2d1041,reef-turin-microscopy-workers-3708278,dynacell-a549-phase,cpu,discard,32,blosc-zstd,128K,131072,4.5489768076398365,3,11.326471563534223,10.551810110568113,11.891557780420202,,,
reef-turin-microscopy-workers-3708278:fc4a14db4bd2f386,reef-turin-microscopy-workers-3708278,dynacell-a549-phase,cpu,fs,32,blosc-lz4,16K,4096,4.2292449834367085,3,12.071862784757823,11.009437671322095,12.951491978823652,,,
reef-l40-microscopy-workers-3708541:076cf537b3452b62,reef-l40-microscopy-workers-3708541,cosem-cos7-em,gpu,discard,4,zstd,64K,,1.2481116017759157,3,2.439091381889523,2.4381215422339007,2.4395475312349264,,,
reef-l40-microscopy-workers-3708541:70954ef79ac93ca7,reef-l40-microscopy-workers-3708541,cosem-cos7-em,gpu,fs,4,zstd,256K,,1.2454077063592548,3,4.1400477795980475,3.694249865360782,4.337993044092758,,,
reef-l40-microscopy-workers-3708541:9086fec162a4d8a6,reef-l40-microscopy-workers-3708541,cosem-cos7-em,gpu,discard,4,zstd,256K,,1.2454077063592548,3,4.3961625611510735,4.394502928517512,4.4001892049130165,,,
reef-l40-microscopy-workers-3708541:9cafe50fe8cd7b5c,reef-l40-microscopy-workers-3708541,cosem-cos7-em,gpu,discard,4,blosc-lz4,16K,4096,1.0085512506542336,3,14.710705173271064,13.861952612395044,15.138467603552725,,,
reef-l40-microscopy-workers-3708541:c46fa58b187c56dd,reef-l40-microscopy-workers-3708541,cosem-cos7-em,gpu,fs,4,blosc-lz4,16K,4096,1.008492458735114,3,4.535361438604247,4.37251016417129,5.031134829669109,,,
reef-l40-microscopy-workers-3708541:eb7c156c3884aaad,reef-l40-microscopy-workers-3708541,cosem-cos7-em,gpu,fs,4,zstd,64K,,1.2481116017759157,3,2.420697376260426,2.416218928547596,2.4326113646483543,,,
reef-l40-microscopy-workers-3708541:3f0a7da15198ae9e,reef-l40-microscopy-workers-3708541,bbbc022-mito,gpu,fs,4,blosc-lz4,16K,4096,1.4548417191421608,3,4.275286293386866,4.153742037119074,4.641464577358786,,,
reef-l40-microscopy-workers-3708541:8d7df10f41c8b88f,reef-l40-microscopy-workers-3708541,bbbc022-mito,gpu,fs,4,blosc-zstd,256K,65536,1.8858318971576573,3,4.235453143441665,4.186838473068876,4.283542995347896,,,
reef-l40-microscopy-workers-3708541:ae3faef03e0fb4c2,reef-l40-microscopy-workers-3708541,bbbc022-mito,gpu,discard,4,blosc-lz4,16K,4096,1.4546066499779522,3,17.518645249550598,17.373415593132336,17.867653118017618,,,
reef-l40-microscopy-workers-3708541:bad580e29ca11e0e,reef-l40-microscopy-workers-3708541,bbbc022-mito,gpu,discard,4,blosc-zstd,64K,65536,1.9069552263828191,3,4.2611276551362645,4.25630884976131,4.262673042794615,,,
reef-l40-microscopy-workers-3708541:c8f51db61ea56aac,reef-l40-microscopy-workers-3708541,bbbc022-mito,gpu,discard,4,blosc-zstd,256K,65536,1.8858318971576573,3,4.314144850834549,4.314028703521267,4.314979648387912,,,
reef-l40-microscopy-workers-3708541:d7b409a8ad5dcae7,reef-l40-microscopy-workers-3708541,bbbc022-mito,gpu,fs,4,blosc-zstd,64K,65536,1.9069568158476478,3,4.122121607400824,3.8355464160423938,4.183917029251836,,,
reef-l40-microscopy-workers-3708541:407c28269e7ce744,reef-l40-microscopy-workers-3708541,opencell-dna,gpu,fs,4,blosc-lz4,16K,16384,1.2785536626233671,3,5.251965426354258,4.869236915659835,5.511624377793017,,,
reef-l40-microscopy-workers-3708541:89188ac122ea5110,reef-l40-microscopy-workers-3708541,opencell-dna,gpu,fs,4,blosc-zstd,64K,65536,1.4974013416126983,3,3.0925071139518825,3.0892054999535006,3.235743069240664,,,
reef-l40-microscopy-workers-3708541:926a8281737ffdeb,reef-l40-microscopy-workers-3708541,opencell-dna,gpu,discard,4,blosc-zstd,64K,65536,1.4974013416126983,3,3.2601033714056706,3.2595190251606456,3.2613447482089435,,,
reef-l40-microscopy-workers-3708541:98f7196c339a7770,reef-l40-microscopy-workers-3708541,opencell-dna,gpu,discard,4,blosc-zstd,256K,65536,1.4932727746005718,3,3.2882308550123467,3.287352437038179,3.2890658365404897,,,
reef-l40-microscopy-workers-3708541:e0fbb6934cf0ef82,reef-l40-microscopy-workers-3708541,opencell-dna,gpu,discard,4,blosc-lz4,16K,16384,1.277804076124912,3,5.899117379994135,5.892453736854037,5.920618741734126,,,
reef-l40-microscopy-workers-3708541:e8b71dc55d81b8ec,reef-l40-microscopy-workers-3708541,opencell-dna,gpu,fs,4,blosc-zstd,256K,65536,1.4932727746005718,3,3.2393344519562204,3.2071074779417303,3.2579427120162,,,
reef-l40-microscopy-workers-3708541:59ad5107952dee4b,reef-l40-microscopy-workers-3708541,bbbc010-brightfield,gpu,fs,4,zstd,64K,,11.152449507908168,3,9.443600719688902,9.3434582482883,9.956012241380352,,,
reef-l40-microscopy-workers-3708541:5ac57c31c0958297,reef-l40-microscopy-workers-3708541,bbbc010-brightfield,gpu,discard,4,zstd,64K,,11.152449507908168,3,10.110689091187115,10.037833849873493,10.22921133491718,,,
reef-l40-microscopy-workers-3708541:7c2f6f6a3bbbfa28,reef-l40-microscopy-workers-3708541,bbbc010-brightfield,gpu,fs,4,blosc-zstd,64K,65536,13.240394734826193,3,13.19704755499597,12.492342115542922,13.405072097833104,,,
reef-l40-microscopy-workers-3708541:b4dce24d92e5e7e9,reef-l40-microscopy-workers-3708541,bbbc010-brightfield,gpu,discard,4,blosc-zstd,64K,65536,13.23700714068845,3,13.718771456191554,13.64193661065036,13.769326673910216,,,
reef-l40-microscopy-workers-3708541:c009b53c5095fe82,reef-l40-microscopy-workers-3708541,bbbc010-brightfield,gpu,discard,4,blosc-lz4,16K,4096,2.0035596449772757,3,18.381178450481126,16.1940778570085,18.94007492442522,,,
reef-l40-microscopy-workers-3708541:e5f6c40ac1a472e7,reef-l40-microscopy-workers-3708541,bbbc010-brightfield,gpu,fs,4,blosc-lz4,16K,4096,2.002948086976584,3,7.67233651488472,6.463470455839365,9.072353177850085,,,
reef-l40-microscopy-workers-3708541:0567b363fd61aaa6,reef-l40-microscopy-workers-3708541,dynacell-a549-phase,gpu,fs,4,blosc-lz4,256K,262144,4.159926368490792,3,8.154931250318475,8.0299205701224,8.216460402618596,,,
reef-l40-microscopy-workers-3708541:301032c0dbc46eb5,reef-l40-microscopy-workers-3708541,dynacell-a549-phase,gpu,discard,4,blosc-lz4,16K,4096,1.113796561697031,3,16.990873284305756,16.25850744934653,17.08212465654194,,,
reef-l40-microscopy-workers-3708541:8c639795ed4a1e9e,reef-l40-microscopy-workers-3708541,dynacell-a549-phase,gpu,fs,4,blosc-lz4,16K,4096,1.1134946889834403,3,3.8871843442132104,3.6333545227269273,4.77873625701341,,,
reef-l40-microscopy-workers-3708541:8f08d64df2ddae4a,reef-l40-microscopy-workers-3708541,dynacell-a549-phase,gpu,discard,4,blosc-lz4,256K,262144,4.159926368490792,3,8.50358793774044,8.499680464359374,8.504464110469792,,,
reef-l40-microscopy-workers-3708541:8f18dae4273e12c0,reef-l40-microscopy-workers-3708541,dynacell-a549-phase,gpu,discard,4,blosc-zstd,128K,131072,4.587136249816267,3,11.858214201465092,11.464207024871314,11.908968488044675,,,
reef-l40-microscopy-workers-3708541:ac942a7e7166359d,reef-l40-microscopy-workers-3708541,dynacell-a549-phase,gpu,fs,4,blosc-zstd,128K,131072,4.5874639609470975,3,10.697668281600667,10.417019339421477,10.896100997484364,,,
